NGB,Olympic/Paralympic/PanAmerican,# Events At Games,NCAA Sport?,Year,Athlete 360,Athlete Stipends,Coaching Education,COVID Athlete Assistance Fund,Elite Athlete Health Insurance,High-Performance Grants,High-Performance Special Grants,National Medical Network,NGB/HPMO COVID Grants,Operation Gold,Paralympic Sport Development Grants,Restricted Grants,Sport Science Services,Sports Medicine Clinics
American Canoe Association,Manages both the Olympic and Paralympic sport programs,25,No,2019, $	-   ," $	25,000.00 ", $	-   , $	-   ," $	4,039.09 "," $	155,401.54 "," $	10,000.00 ", $	-   , $	-   ," $	11,875.00 "," $	12,804.00 ", $	-   ," $	11,704.19 "," $	9,227.95 "
National Wheelchair Basketball Association,Manages the Paralympic sport program,2,No,2019, $	-   ," $	129,992.00 ", $	-   , $	-   ," $	133,532.81 "," $	290,000.00 "," $	5,985.00 "," $	4,143.83 ", $	-   , $	-   , $	-   , $	-   ," $	145,652.17 "," $	33,330.79 "
U.S. Paralympics Cycling,USOPC manages the Paralympic sport program,51,No,2019, $	-   ," $	341,496.61 ", $	-   , $	-   ," $	48,544.36 "," $	1,398,337.14 ", $	-   ," $	34,710.40 ", $	-   ," $	126,250.00 "," $	12,989.00 ", $	-   ," $	175,562.88 "," $	108,256.20 "
U.S. Paralympics Nordic Skiing,USOPC manages the Paralympic sport program,38,No,2019, $	-   ," $	44,400.00 ", $	-   , $	-   ," $	3,624.90 "," $	789,965.56 ", $	-   , $	-   , $	-   ," $	21,875.00 ", $	-   ," $	126,000.00 "," $	143,051.24 "," $	7,575.18 "
U.S. Paralympics Swimming,USOPC manages the Paralympic sport program,146,No,2019," $	1,064.51 "," $	379,582.70 "," $	12,500.00 ", $	-   ," $	192,146.42 "," $	961,583.59 ", $	-   ," $	75,523.72 ", $	-   ," $	113,750.00 "," $	65,000.00 ", $	-   ," $	186,616.84 "," $	114,591.80 "
U.S. Paralympics Track & Field,USOPC manages the Paralympic sport program,167,No,2019, $	-   ," $	764,945.00 "," $	12,500.00 ", $	-   ," $	235,870.71 "," $	1,653,070.23 ", $	-   ," $	15,963.59 ", $	-   ," $	243,750.00 "," $	60,000.00 ", $	-   ," $	278,949.91 "," $	149,713.09 "
US Association of Blind Athletes,Manages the Paralympic sport program,2,No,2019, $	-   ," $	47,000.00 "," $	12,500.00 ", $	-   ," $	13,252.72 "," $	333,747.16 "," $	5,985.00 "," $	13,025.26 ", $	-   , $	-   ," $	23,000.00 ", $	-   ," $	130,046.58 "," $	10,192.06 "
US Biathlon Association,Manages both the Olympic and Paralympic sport programs,11,No,2019, $	-   ," $	90,000.00 ", $	-   , $	-   ," $	37,115.92 "," $	868,114.20 ", $	-   ," $	7,356.37 ", $	-   , $	-   , $	-   ," $	25,000.00 "," $	110,539.59 "," $	42,558.74 "
US Bowling Congress,Manages the Pan American sport program,4,Yes,2019, $	-   , $	-   , $	-   , $	-   ," $	49,121.60 ", $	400.85 , $	-   , $	-   , $	-   ," $	15,400.00 ", $	-   , $	-   , $	-   , $	826.38 
US Equestrian Federation,Manages both the Olympic and Paralympic sport programs,17,Yes (women only),2019, $	-   , $	-   ," $	12,500.00 ", $	-   ," $	68,581.80 "," $	1,296,940.44 "," $	50,000.00 ", $	-   , $	-   , $	-   , $	-   , $	-   , $	-   ," $	3,718.72 "
US Figure Skating,Manages the Olympic sport program,5,No,2019," $	18,096.73 "," $	327,120.60 "," $	45,000.00 ", $	-   ," $	52,011.41 "," $	1,293,241.10 ", $	-   ," $	100,428.09 ", $	-   ," $	28,125.00 ", $	-   , $	-   ," $	226,281.05 "," $	68,038.88 "
US Sailing,Manages both the Olympic and Paralympic sport programs,10,No,2019, $	-   ," $	225,000.00 "," $	15,000.00 ", $	-   ," $	36,843.42 "," $	1,262,197.59 ", $	-   ," $	9,495.95 ", $	-   , $	-   , $	-   ," $	90,000.00 "," $	139,149.84 "," $	12,808.94 "
US Ski and Snowboard Association,Manages the Olympic sport program,55,Yes,2019, $	-   ," $	221,351.87 "," $	212,500.00 ", $	-   ," $	1,033,945.03 "," $	6,000,000.00 ", $	-   ," $	366,012.25 ", $	-   ," $	127,500.00 ", $	-   ," $	250,000.00 "," $	110,539.59 "," $	16,940.86 "
US Soccer Federation,Manages both the Olympic and Paralympic sport programs,3,Yes,2019, $	-   ," $	120,000.20 ", $	-   , $	-   ," $	64,760.73 "," $	750,000.00 ", $	-   ," $	18,210.00 ", $	-   ," $	172,500.00 ", $	-   , $	-   , $	-   ," $	27,408.38 "
US Speedskating,Manages the Olympic sport program,23,No,2019, $	-   ," $	183,950.00 "," $	25,000.00 ", $	-   ," $	106,917.01 "," $	1,777,312.07 "," $	50,000.00 "," $	63,599.31 ", $	-   ," $	15,000.00 ", $	-   , $	-   ," $	6,502.33 "," $	4,407.38 "
US Squash,Manages the Pan American sport program,7,No,2019, $	-   , $	-   , $	-   , $	-   , $	-   , $	-   , $	-   , $	-   , $	-   ," $	17,100.00 ", $	-   , $	-   , $	-   ," $	2,341.42 "
US Tennis Association,Manages both the Olympic and Paralympic sport programs,11,Yes,2019, $	-   , $	-   , $	-   , $	-   ," $	28,597.80 "," $	50,000.00 ", $	-   , $	-   , $	-   , $	-   , $	-   , $	-   ," $	93,633.54 "," $	11,293.90 "
USA Archery,Manages both the Olympic and Paralympic sport programs,14,No,2019," $	13,838.68 "," $	200,299.98 "," $	12,500.00 ", $	-   ," $	52,586.64 "," $	829,477.81 ", $	-   ," $	9,481.97 ", $	-   ," $	30,000.00 ", $	-   , $	-   ," $	158,266.69 "," $	61,841.01 "
USA Artistic Swimming,Manages the Olympic sport program,2,No,2019, $	-   ," $	12,000.00 ", $	-   , $	-   ," $	17,897.34 "," $	85,263.44 ", $	-   , $	-   , $	-   , $	-   , $	-   , $	-   ," $	2,889.92 "," $	2,341.42 "
USA Badminton,Manages both the Olympic and Paralympic sport programs,19,No,2019, $	-   ," $	14,300.00 "," $	7,500.00 ", $	-   ," $	3,650.33 "," $	10,445.46 ", $	-   , $	-   , $	-   ," $	3,750.00 ", $	-   , $	-   ," $	1,300.47 "," $	9,503.41 "
USA Baseball,Manages the Olympic sport program,1,Yes,2019, $	-   , $	-   , $	-   , $	-   , $	-   , $	-   , $	-   , $	-   , $	-   , $	-   , $	-   , $	-   , $	-   , $	-   
USA Basketball,Manages the Olympic sport program,4,Yes,2019, $	-   , $	-   , $	-   , $	-   , $	-   ," $	1,290,890.37 ", $	-   ," $	2,445.63 ", $	-   ," $	30,000.00 ", $	-   , $	-   ," $	26,009.32 "," $	10,880.71 "
USA Bobsled & Skeleton,Manages the Olympic sport program,6,No,2019," $	31,935.41 "," $	223,450.00 "," $	27,500.00 ", $	-   ," $	66,903.51 "," $	1,979,031.36 "," $	12,578.00 "," $	58,220.69 ", $	-   ," $	41,250.00 ", $	-   , $	-   ," $	174,262.41 "," $	250,394.11 "
USA Boxing,Manages the Olympic sport program,13,No,2019," $	28,741.86 "," $	299,000.00 "," $	12,500.00 ", $	-   ," $	22,057.70 "," $	657,990.51 "," $	10,000.00 "," $	85,936.83 ", $	-   ," $	22,500.00 ", $	-   ," $	50,000.00 "," $	52,018.63 "," $	330,828.74 "
USA Climbing,Manages the Olympic sport program,2,No,2019, $	-   , $	-   ," $	12,500.00 ", $	-   , $	259.00 ," $	300,000.00 ", $	-   ," $	3,436.50 ", $	-   , $	-   , $	-   ," $	206,250.00 "," $	26,009.32 "," $	9,778.87 "
USA Curling,Manages both the Olympic and Paralympic sport programs,3,No,2019," $	57,483.73 "," $	173,100.00 "," $	12,500.00 ", $	-   ," $	114,010.44 "," $	1,009,958.55 "," $	20,000.00 ", $	-   , $	-   ," $	21,250.00 "," $	30,000.00 ", $	-   ," $	11,704.19 "," $	3,167.80 "
USA Cycling,Manages the Olympic sport program,22,No,2019," $	12,774.16 "," $	415,625.00 "," $	20,000.00 ", $	-   ," $	99,025.02 "," $	1,809,900.31 ", $	-   ," $	74,777.39 ", $	-   ," $	63,750.00 ", $	-   ," $	390,000.00 "," $	344,623.43 "," $	123,819.75 "
USA Diving,Manages the Olympic sport program,8,Yes,2019, $	-   ," $	233,302.00 ", $	-   , $	-   ," $	81,530.12 "," $	883,700.00 "," $	20,000.00 "," $	9,582.56 ", $	-   ," $	26,250.00 ", $	-   , $	-   ," $	2,889.92 "," $	12,395.75 "
USA Fencing,Manages both the Olympic and Paralympic sport programs,28,Yes,2019," $	31,935.41 "," $	312,908.00 ", $	-   , $	-   ," $	154,335.86 "," $	992,920.35 "," $	20,000.00 "," $	97,684.58 ", $	-   ," $	72,500.00 "," $	20,000.00 ", $	-   ," $	5,490.86 "," $	57,984.55 "
USA Field Hockey,Manages the Olympic sport program,2,Yes (women only),2019, $	-   ," $	182,700.00 "," $	12,500.00 ", $	-   ," $	161,999.24 "," $	923,789.73 ", $	-   , $	-   , $	-   , $	-   , $	-   , $	-   ," $	26,009.32 "," $	35,396.75 "
USA Golf,Manages the Olympic sport program,2,Yes,2019, $	-   , $	-   , $	-   , $	-   , $	-   , $	-   , $	-   , $	-   , $	-   , $	-   , $	-   , $	-   , $	-   , $	964.11 
USA Gymnastics,Manages the Olympic sport program,18,Yes,2019," $	21,290.27 "," $	669,000.00 "," $	25,000.00 ", $	-   ," $	66,175.52 "," $	2,191,363.13 "," $	35,669.93 "," $	35,751.62 ", $	-   ," $	73,750.00 ", $	-   , $	-   ," $	2,889.92 "," $	320,636.68 "
USA Hockey,Manages both the Olympic and Paralympic sport programs,2,Yes,2019, $	-   ," $	710,000.00 ", $	-   , $	-   ," $	143,124.51 "," $	1,619,250.69 ", $	-   ," $	7,573.28 ", $	-   ," $	250,000.00 "," $	30,000.00 ", $	-   ," $	6,112.19 "," $	25,066.96 "
USA Judo,Manages both the Olympic and Paralympic sport programs,28,No,2019, $	-   ," $	115,250.00 ", $	-   , $	-   ," $	29,888.06 "," $	668,106.06 "," $	10,000.00 "," $	21,718.33 ", $	-   , $	-   , $	-   , $	-   ," $	71,164.38 "," $	53,163.99 "
USA National Karate-Do Federation,Manages the Olympic sport program,8,No,2019, $	-   ," $	97,000.00 ", $	-   , $	-   ," $	2,849.11 "," $	131,456.96 "," $	20,000.00 ", $	-   , $	-   ," $	6,250.00 ", $	-   , $	-   ," $	2,889.92 "," $	4,131.92 "
USA Luge,Manages the Olympic sport program,4,No,2019," $	15,967.70 "," $	148,000.00 "," $	12,500.00 ", $	-   ," $	5,728.26 "," $	1,269,333.75 ", $	-   ," $	42,368.93 ", $	-   ," $	16,875.00 ", $	-   , $	-   ," $	162,558.22 "," $	75,200.87 "
USA Pentathlon,Manages the Olympic sport program,2,No,2019, $	-   ," $	61,000.00 ", $	-   , $	-   ," $	1,693.05 ", $	584.64 , $	-   ," $	5,104.43 ", $	-   , $	-   , $	-   , $	-   ," $	33,812.11 "," $	27,821.57 "
USA Racquetball,Manages the Pan American sport program,6,No,2019, $	-   , $	-   , $	-   , $	-   ," $	21,173.23 ", $	-   , $	-   , $	-   , $	-   ," $	9,000.00 ", $	-   , $	-   , $	-   ," $	2,892.34 "
USA Roller Sports,Manages the Pan American sport program,8,No,2019, $	-   , $	-   , $	-   , $	-   ," $	9,242.70 "," $	1,503.80 ", $	-   , $	-   , $	-   ," $	4,150.00 ", $	-   , $	-   , $	-   ," $	2,616.88 "
USA Rugby,Manages the Olympic sport program,2,Yes (women only),2019," $	25,548.32 "," $	400,000.00 ", $	-   , $	-   ," $	41,970.04 "," $	1,191,241.20 "," $	28,900.00 ", $	-   , $	-   , $	-   , $	-   ," $	125,000.00 "," $	244,487.57 "," $	184,283.46 "
USA Shooting,Manages both the Olympic and Paralympic sport programs,28,Yes,2019, $	-   ," $	330,000.00 ", $	-   , $	-   ," $	45,481.57 "," $	1,218,067.10 "," $	1,500.00 "," $	34,353.12 ", $	-   ," $	22,500.00 ", $	-   , $	-   ," $	219,128.48 "," $	43,798.31 "
USA Softball,Manages the Olympic sport program,1,Yes,2019, $	-   ," $	172,800.00 ", $	-   , $	-   ," $	17,143.73 "," $	226,875.99 "," $	100,000.00 ", $	-   , $	-   ," $	135,000.00 ", $	-   , $	-   , $	-   ," $	10,467.52 "
USA Swimming,Manages the Olympic sport program,37,Yes,2019," $	17,032.22 "," $	2,203,299.99 "," $	12,500.00 ", $	-   ," $	225,317.81 "," $	3,196,432.67 ", $	-   ," $	12,860.07 ", $	-   ," $	248,125.00 ", $	-   , $	-   ," $	365,430.88 "," $	126,574.36 "
USA Table Tennis,Manages both the Olympic and Paralympic sport programs,36,No,2019, $	-   ," $	12,000.00 ", $	-   , $	-   ," $	11,350.26 "," $	120,370.43 ", $	-   , $	-   , $	-   ," $	22,500.00 ", $	-   , $	-   , $	-   ," $	7,024.26 "
USA Taekwondo,Manages both the Olympic and Paralympic sport programs,14,No,2019, $	-   ," $	112,000.00 ", $	-   , $	-   ," $	131,527.57 "," $	510,837.79 "," $	30,000.00 ", $	943.59 , $	-   ," $	15,000.00 "," $	18,000.00 ", $	-   ," $	5,490.86 "," $	11,018.44 "
USA Team Handball,Manages the Olympic sport program,2,No,2019, $	-   , $	-   , $	-   , $	-   ," $	32,175.24 ", $	22.50 , $	-   ," $	28,129.72 ", $	-   , $	-   , $	-   , $	-   , $	-   ," $	31,402.56 "
USA Track & Field,Manages the Olympic sport program,48,Yes,2019," $	85,161.08 "," $	1,710,000.00 ", $	-   , $	-   ," $	1,087,205.43 "," $	3,910,779.54 "," $	50,000.00 "," $	344,352.31 ", $	-   ," $	393,750.00 ", $	-   , $	-   ," $	725,659.90 "," $	446,522.39 "
USA Triathlon,Manages both the Olympic and Paralympic sport programs,11,Yes (women only),2019," $	3,193.54 "," $	206,266.00 "," $	37,500.00 ", $	-   ," $	438,396.69 "," $	783,556.20 "," $	26,000.00 "," $	87,850.35 ", $	-   ," $	75,625.00 "," $	36,078.20 ", $	-   ," $	379,475.91 "," $	194,750.98 "
USA Volleyball,Manages both the Olympic and Paralympic sport programs,6,Yes,2019," $	23,419.30 "," $	996,000.00 "," $	62,500.00 ", $	-   ," $	365,915.19 "," $	1,725,087.35 ", $	-   ," $	63,594.78 ", $	-   ," $	203,750.00 ", $	-   , $	-   ," $	374,274.05 "," $	54,265.83 "
USA Water Polo,Manages the Olympic sport program,2,Yes,2019, $	-   ," $	659,996.00 ", $	-   , $	-   ," $	55,411.39 "," $	1,095,391.13 "," $	50,000.00 ", $	589.00 , $	-   ," $	97,500.00 ", $	-   ," $	200,000.00 "," $	234,083.84 "," $	19,557.74 "
USA Water Ski & Wake Sports,Manages the Pan American sport program,10,No,2019, $	-   , $	-   , $	-   , $	-   ," $	34,350.38 ", $	733.54 , $	-   , $	-   , $	-   ," $	15,050.00 ", $	-   , $	-   , $	-   ," $	1,515.04 "
USA Weightlifting,Manages the Olympic sport program,14,No,2019, $	-   , $	-   ," $	40,000.00 ", $	-   ," $	13,603.36 "," $	152,413.93 "," $	50,000.00 ", $	-   , $	-   ," $	23,750.00 ", $	-   , $	-   , $	-   ," $	9,227.95 "
USA Wrestling,Manages the Olympic sport program,18,Yes,2019," $	45,774.08 "," $	382,000.00 "," $	25,000.00 ", $	-   ," $	95,502.77 "," $	1,438,046.49 "," $	17,500.00 "," $	189,653.68 ", $	-   ," $	67,500.00 ", $	-   , $	-   ," $	52,018.63 "," $	347,494.14 "
US Rowing,Manages both the Olympic and Paralympic sport programs,18,Yes (women only),2019, $	-   ," $	905,600.00 "," $	12,500.00 ", $	-   ," $	476,439.45 "," $	1,694,228.87 ", $	-   , $	-   , $	-   ," $	146,250.00 "," $	10,000.00 ", $	-   ," $	165,159.15 "," $	38,013.63 "
American Canoe Association,Manages both the Olympic and Paralympic sport programs,25,No,2020, $	-   ," $	72,500.00 ", $	-   ," $	19,771.00 "," $	6,352.69 "," $	126,729.20 "," $	25,000.00 ", $	935.97 ," $	44,415.00 ", $	-   , $	-   , $	-   ," $	6,837.87 "," $	35,674.47 "
National Wheelchair Basketball Association,Manages the Paralympic sport program,2,No,2020, $	-   ," $	149,999.88 ", $	659.09 ," $	20,934.00 "," $	134,053.27 "," $	51,639.86 ", $	-   ," $	24,300.92 "," $	36,415.00 ", $	-   ," $	40,000.00 ", $	-   ," $	96,428.80 "," $	14,101.69 "
U.S. Paralympics Cycling,USOPC manages the Paralympic sport program,51,No,2020," $	8,278.89 "," $	349,818.36 ", $	-   ," $	22,097.00 "," $	282,553.62 "," $	772,785.99 ", $	-   ," $	17,774.96 ", $	-   , $	-   ," $	14,388.90 ", $	-   ," $	140,213.92 "," $	58,928.25 "
U.S. Paralympics Nordic Skiing,USOPC manages the Paralympic sport program,38,No,2020, $	689.91 ," $	46,100.00 "," $	7,021.36 "," $	10,467.00 "," $	5,593.96 "," $	727,688.13 ", $	-   ," $	3,899.50 ", $	-   , $	-   , $	-   , $	-   ," $	88,596.62 "," $	9,665.73 "
U.S. Paralympics Swimming,USOPC manages the Paralympic sport program,146,No,2020," $	18,282.54 "," $	420,562.00 ", $	-   ," $	24,423.00 "," $	278,982.18 "," $	543,329.00 ", $	-   ," $	244,104.83 ", $	-   , $	-   , $	-   , $	-   ," $	215,606.63 "," $	159,227.68 "
U.S. Paralympics Track & Field,USOPC manages the Paralympic sport program,167,No,2020," $	16,212.82 "," $	764,600.00 ", $	-   ," $	69,780.00 "," $	356,635.87 "," $	668,174.81 ", $	-   ," $	6,862.87 ", $	-   , $	-   , $	-   , $	-   ," $	254,667.19 "," $	96,330.41 "
US Association of Blind Athletes,Manages the Paralympic sport program,2,No,2020, $	-   ," $	77,775.00 "," $	4,385.00 "," $	17,445.00 "," $	16,004.99 "," $	259,616.00 ", $	-   ," $	3,867.00 "," $	36,415.00 ", $	-   , $	-   , $	-   ," $	17,614.20 "," $	1,867.77 "
US Biathlon Association,Manages both the Olympic and Paralympic sport programs,11,No,2020," $	11,383.47 "," $	87,000.00 ", $	-   ," $	5,815.00 "," $	18,067.04 "," $	864,889.67 "," $	30,000.00 "," $	10,744.06 "," $	32,415.00 "," $	7,500.00 ", $	-   ," $	25,000.00 "," $	122,419.63 "," $	42,818.71 "
US Bowling Congress,Manages the Pan American sport program,4,Yes,2020, $	-   , $	-   , $	-   , $	-   ," $	7,417.50 ", $	-   , $	-   , $	-   ," $	32,415.00 ", $	-   , $	-   , $	-   , $	-   , $	-   
US Equestrian Federation,Manages both the Olympic and Paralympic sport programs,17,Yes (women only),2020, $	-   , $	-   ," $	2,446.02 "," $	8,141.00 "," $	148,221.26 "," $	1,276,000.00 ", $	-   , $	-   ," $	40,415.00 ", $	-   , $	-   ," $	187,500.00 ", $	-   , $	-   
US Figure Skating,Manages the Olympic sport program,5,No,2020," $	22,077.03 "," $	329,375.00 "," $	38,047.04 "," $	30,238.00 "," $	91,995.63 "," $	1,227,000.00 "," $	22,450.00 "," $	38,244.97 "," $	32,415.00 ", $	-   , $	-   , $	-   ," $	132,308.51 "," $	56,126.59 "
US Sailing,Manages both the Olympic and Paralympic sport programs,10,No,2020, $	-   ," $	225,000.00 ", $	659.15 ," $	16,282.00 "," $	62,114.48 "," $	1,235,200.00 ", $	-   , $	-   ," $	32,415.00 ", $	-   , $	-   ," $	180,000.00 "," $	28,634.95 "," $	3,735.55 "
US Ski and Snowboard Association,Manages the Olympic sport program,55,Yes,2020," $	7,244.03 "," $	278,582.66 "," $	238,155.00 "," $	100,018.00 "," $	800,664.84 "," $	6,375,000.00 "," $	75,000.00 "," $	257,037.62 "," $	32,415.00 ", $	-   , $	-   , $	-   ," $	188,603.67 "," $	39,083.16 "
US Soccer Federation,Manages both the Olympic and Paralympic sport programs,3,Yes,2020, $	-   ," $	119,999.97 ", $	-   ," $	3,489.00 "," $	103,654.48 "," $	732,000.00 ", $	-   , $	493.93 ," $	32,415.00 ", $	-   , $	-   , $	-   , $	-   ," $	2,521.49 "
US Speedskating,Manages the Olympic sport program,23,No,2020, $	344.95 ," $	240,950.00 "," $	1,968.75 "," $	32,564.00 "," $	30,090.39 "," $	1,727,824.01 ", $	-   ," $	19,360.84 "," $	32,415.00 "," $	31,250.00 ", $	-   , $	-   , $	-   ," $	1,260.75 "
US Squash,Manages the Pan American sport program,7,No,2020, $	-   , $	-   , $	-   , $	-   , $	353.80 , $	-   , $	-   , $	-   ," $	32,415.00 ", $	-   , $	-   , $	-   , $	-   , $	-   
US Tennis Association,Manages both the Olympic and Paralympic sport programs,11,Yes,2020," $	1,034.86 ", $	-   , $	-   ," $	13,956.00 "," $	21,931.63 "," $	50,000.00 ", $	-   , $	-   , $	-   , $	-   , $	-   , $	-   ," $	23,471.21 "," $	5,556.63 "
USA Archery,Manages both the Olympic and Paralympic sport programs,14,No,2020," $	27,251.34 "," $	227,799.95 "," $	8,149.20 "," $	13,956.00 "," $	133,319.81 "," $	485,684.87 ", $	-   , $	-   ," $	40,415.00 ", $	-   , $	-   , $	-   ," $	154,886.15 "," $	70,228.28 "
USA Artistic Swimming,Manages the Olympic sport program,2,No,2020, $	-   ," $	14,000.00 "," $	4,853.75 "," $	5,815.00 "," $	47,485.07 "," $	83,423.83 ", $	-   ," $	1,675.09 "," $	36,415.00 ", $	-   , $	-   , $	-   ," $	23,411.64 ", $	653.72 
USA Badminton,Manages both the Olympic and Paralympic sport programs,19,No,2020, $	-   ," $	10,000.00 ", $	-   ," $	4,652.00 "," $	4,809.71 ", $	-   , $	-   , $	-   ," $	44,415.00 ", $	-   , $	-   , $	-   , $	-   , $	-   
USA Baseball,Manages the Olympic sport program,1,Yes,2020, $	-   , $	-   , $	-   , $	-   , $	-   , $	-   , $	-   , $	-   ," $	32,415.00 ", $	-   , $	-   , $	-   , $	-   , $	-   
USA Basketball,Manages the Olympic sport program,4,Yes,2020, $	-   , $	-   , $	-   ," $	4,652.00 ", $	-   ," $	1,251,000.00 ", $	-   , $	-   ," $	32,415.00 ", $	-   , $	-   , $	-   , $	-   , $	-   
USA Bobsled & Skeleton,Manages the Olympic sport program,6,No,2020," $	91,757.66 "," $	203,400.00 "," $	24,385.00 "," $	26,749.00 "," $	161,699.79 "," $	1,818,365.45 ", $	-   ," $	145,962.88 "," $	32,415.00 "," $	12,500.00 ", $	-   ," $	30,700.00 "," $	218,091.61 "," $	538,385.68 "
USA Boxing,Manages the Olympic sport program,13,No,2020," $	63,816.42 "," $	274,000.00 ", $	-   ," $	11,630.00 "," $	24,895.19 "," $	788,639.52 ", $	-   ," $	174,687.35 "," $	32,415.00 ", $	-   , $	-   , $	-   ," $	77,145.22 "," $	276,103.60 "
USA Climbing,Manages the Olympic sport program,2,No,2020, $	-   , $	-   ," $	2,627.87 ", $	-   ," $	5,807.61 "," $	292,800.00 ", $	-   , $	560.80 ," $	32,415.00 ", $	-   , $	-   , $	-   ," $	71,783.77 ", $	980.58 
USA Curling,Manages both the Olympic and Paralympic sport programs,3,No,2020," $	72,095.31 "," $	179,350.00 "," $	4,385.00 "," $	27,912.00 "," $	109,475.77 "," $	958,453.62 "," $	86,552.00 ", $	-   ," $	40,415.00 ", $	-   ," $	40,000.00 ", $	-   , $	-   ," $	2,147.94 "
USA Cycling,Manages the Olympic sport program,22,No,2020," $	39,324.71 "," $	416,875.00 "," $	4,853.75 "," $	37,216.00 "," $	190,311.92 "," $	1,761,000.00 ", $	-   ," $	106,309.22 "," $	32,415.00 ", $	-   , $	-   ," $	266,158.00 "," $	288,235.09 "," $	113,467.23 "
USA Diving,Manages the Olympic sport program,8,Yes,2020," $	5,864.21 "," $	292,500.00 "," $	10,777.21 "," $	15,119.00 "," $	25,723.14 "," $	675,104.45 "," $	36,000.00 "," $	14,329.75 "," $	36,415.00 "," $	5,000.00 ", $	-   , $	-   ," $	67,792.48 "," $	22,506.67 "
USA Fencing,Manages both the Olympic and Paralympic sport programs,28,Yes,2020," $	34,840.31 "," $	437,550.00 "," $	1,318.18 "," $	29,075.00 "," $	304,021.68 "," $	810,683.75 ", $	-   ," $	27,760.95 "," $	40,415.00 ", $	-   , $	-   , $	-   ," $	86,140.53 "," $	62,336.94 "
USA Field Hockey,Manages the Olympic sport program,2,Yes (women only),2020, $	-   ," $	149,999.04 "," $	4,853.75 ", $	-   ," $	189,313.53 "," $	575,840.00 ", $	-   , $	-   ," $	32,415.00 ", $	-   , $	-   , $	-   ," $	8,042.17 "," $	3,128.52 "
USA Golf,Manages the Olympic sport program,2,Yes,2020, $	-   , $	-   , $	-   , $	-   , $	-   , $	-   , $	-   , $	-   ," $	32,415.00 ", $	-   , $	-   , $	-   , $	-   , $	-   
USA Gymnastics,Manages the Olympic sport program,18,Yes,2020," $	17,592.63 "," $	762,562.85 "," $	8,770.00 "," $	65,128.00 "," $	83,326.26 "," $	2,256,000.00 ", $	-   ," $	42,407.31 "," $	32,415.00 ", $	-   , $	-   , $	-   ," $	121,406.91 "," $	416,887.02 "
USA Hockey,Manages both the Olympic and Paralympic sport programs,2,Yes,2020, $	689.91 ," $	612,000.00 ", $	-   ," $	19,771.00 "," $	211,793.19 "," $	989,293.00 ", $	-   , $	149.17 ," $	40,415.00 ", $	-   , $	-   , $	-   ," $	3,097.72 "," $	2,241.33 "
USA Judo,Manages both the Olympic and Paralympic sport programs,28,No,2020," $	3,449.54 "," $	113,250.00 ", $	-   ," $	24,423.00 "," $	33,411.75 "," $	430,251.58 ", $	-   ," $	1,621.62 "," $	44,415.00 ", $	-   ," $	5,000.00 ", $	-   ," $	81,655.05 "," $	22,926.92 "
USA National Karate-Do Federation,Manages the Olympic sport program,8,No,2020, $	-   ," $	128,863.64 "," $	3,105.11 "," $	3,489.00 "," $	7,506.28 "," $	90,476.00 ", $	-   , $	-   ," $	32,415.00 ", $	-   , $	-   , $	-   ," $	16,977.90 ", $	466.94 
USA Luge,Manages the Olympic sport program,4,No,2020," $	38,979.76 "," $	160,500.00 "," $	28,770.00 "," $	3,489.00 "," $	(2,912.85)"," $	1,253,000.00 ", $	-   ," $	86,821.51 "," $	32,415.00 "," $	17,500.00 ", $	-   , $	-   ," $	93,348.69 "," $	298,890.44 "
USA Pentathlon,Manages the Olympic sport program,2,No,2020," $	2,759.63 "," $	36,000.00 ", $	-   ," $	11,630.00 "," $	11,526.69 ", $	-   , $	-   ," $	2,844.25 "," $	36,415.00 ", $	-   , $	-   , $	-   ," $	47,359.42 "," $	17,510.38 "
USA Racquetball,Manages the Pan American sport program,6,No,2020, $	-   , $	-   , $	-   , $	-   ," $	27,012.52 ", $	-   , $	-   , $	-   ," $	32,415.00 ", $	-   , $	-   , $	-   , $	-   , $	653.72 
USA Roller Sports,Manages the Pan American sport program,8,No,2020, $	-   , $	-   , $	-   , $	-   ," $	16,397.47 ", $	-   , $	-   , $	-   ," $	32,415.00 ", $	-   , $	-   , $	-   , $	-   , $	-   
USA Rugby,Manages the Olympic sport program,2,Yes (women only),2020," $	97,621.87 "," $	1,093,676.00 ", $	659.18 ," $	51,172.00 "," $	260,406.95 "," $	772,324.00 "," $	125,000.00 ", $	-   ," $	32,415.00 ", $	-   , $	-   , $	-   ," $	138,682.67 "," $	216,895.19 "
USA Shooting,Manages both the Olympic and Paralympic sport programs,28,Yes,2020," $	13,453.19 "," $	327,915.88 "," $	4,385.00 "," $	32,564.00 "," $	140,157.23 "," $	924,170.15 "," $	42,000.00 "," $	13,764.98 "," $	40,415.00 ", $	-   , $	-   , $	-   ," $	177,948.47 "," $	83,162.61 "
USA Softball,Manages the Olympic sport program,1,Yes,2020, $	-   ," $	172,798.92 ", $	-   ," $	17,445.00 "," $	33,129.36 "," $	221,942.40 ", $	-   ," $	1,598.00 "," $	32,415.00 ", $	-   , $	-   , $	-   ," $	30,977.23 "," $	1,354.14 "
USA Swimming,Manages the Olympic sport program,37,Yes,2020," $	11,728.42 "," $	2,227,865.11 ", $	659.14 ," $	89,551.00 "," $	412,286.43 "," $	1,928,495.30 ", $	-   ," $	17,657.90 "," $	32,415.00 ", $	-   , $	-   , $	-   ," $	296,528.41 "," $	42,538.54 "
USA Table Tennis,Manages both the Olympic and Paralympic sport programs,36,No,2020, $	-   ," $	26,000.00 ", $	-   ," $	6,978.00 "," $	17,950.29 "," $	122,240.00 ", $	-   , $	554.08 ," $	40,415.00 ", $	-   , $	-   , $	-   , $	-   , $	-   
USA Taekwondo,Manages both the Olympic and Paralympic sport programs,14,No,2020," $	5,864.21 "," $	112,000.00 "," $	2,159.24 "," $	3,489.00 "," $	145,537.20 "," $	492,128.00 "," $	70,000.00 "," $	82,528.53 "," $	40,415.00 ", $	-   , $	-   , $	-   ," $	95,547.69 "," $	49,355.91 "
USA Team Handball,Manages the Olympic sport program,2,No,2020, $	-   , $	-   , $	-   , $	-   ," $	45,479.31 ", $	-   , $	-   ," $	21,657.49 "," $	32,415.00 ", $	-   , $	-   , $	-   , $	-   ," $	29,790.99 "
USA Track & Field,Manages the Olympic sport program,48,Yes,2020," $	115,904.41 "," $	1,695,525.00 "," $	1,127.85 "," $	266,327.00 "," $	1,091,761.95 "," $	3,745,544.89 ", $	-   ," $	137,919.31 "," $	32,415.00 ", $	-   , $	-   , $	-   ," $	473,634.76 "," $	321,163.64 "
USA Triathlon,Manages both the Olympic and Paralympic sport programs,11,Yes (women only),2020," $	8,968.79 "," $	263,400.00 "," $	13,814.25 "," $	30,238.00 "," $	272,602.42 "," $	742,398.88 ", $	-   ," $	53,262.94 "," $	40,415.00 ", $	-   ," $	50,000.00 ", $	-   ," $	263,694.57 "," $	172,535.57 "
USA Volleyball,Manages both the Olympic and Paralympic sport programs,6,Yes,2020," $	37,254.99 "," $	1,019,750.00 "," $	18,667.94 "," $	66,291.00 "," $	991,397.51 "," $	1,800,948.00 ", $	-   ," $	27,282.85 "," $	40,415.00 ", $	-   , $	-   , $	-   ," $	268,520.26 "," $	32,966.20 "
USA Water Polo,Manages the Olympic sport program,2,Yes,2020," $	20,697.22 "," $	763,388.00 ", $	-   ," $	11,630.00 "," $	143,660.11 "," $	1,016,000.00 ", $	-   ," $	13,309.86 "," $	32,415.00 ", $	-   , $	-   ," $	100,000.00 "," $	270,157.19 "," $	6,723.98 "
USA Water Ski & Wake Sports,Manages the Pan American sport program,10,No,2020, $	-   , $	-   , $	-   , $	-   ," $	18,332.68 ", $	-   , $	-   , $	-   ," $	32,415.00 ", $	-   , $	-   , $	-   , $	-   , $	-   
USA Weightlifting,Manages the Olympic sport program,14,No,2020, $	-   , $	-   ," $	15,290.80 "," $	6,978.00 "," $	13,633.45 "," $	149,328.00 ", $	-   , $	-   ," $	32,415.00 ", $	-   , $	-   , $	-   , $	-   , $	653.72 
USA Wrestling,Manages the Olympic sport program,18,Yes,2020," $	24,836.66 "," $	382,000.00 "," $	8,149.20 "," $	37,216.00 "," $	176,641.41 "," $	1,395,282.58 "," $	90,000.00 "," $	219,589.31 "," $	32,415.00 "," $	10,000.00 ", $	-   , $	-   ," $	222,380.77 "," $	298,516.88 "
US Rowing,Manages both the Olympic and Paralympic sport programs,18,Yes (women only),2020," $	19,317.40 "," $	836,100.00 ", $	-   ," $	68,617.00 "," $	547,952.47 "," $	1,652,648.31 ", $	-   , $	-   ," $	40,415.00 ", $	-   , $	-   , $	-   ," $	53,595.44 "," $	179,633.11 "